loop,domain,checks,result,detail
1,d1_release_cleaner,8,PASS,
2,d2_prefilled_focus,2,PASS,Vorbefüllte Felder dürfen nicht komplett markiert werden
3,d3_form_accessibility,1,PASS,Betrag 0
4,d4_destructive_metadata,2,PASS,Icon-only-Löschaktion blieb Enter-Default
5,d5_language_consistency,5,PASS,Live-Sprachwechsel würde gemischte UI erzeugen
6,d6_theme_contrast,19,PASS,dracula_dunkel.json: 
7,d7_icon_targets,1,PASS,views/account_data_hub.py: 
8,d8_scaling,1,PASS,views/account_data_hub.py: setFixedSize auf Dialog
9,d9_modal_load,2,PASS,"0 modale Informationen, 0 passive Warnungen, 99 Sicherheits-/Fehlerdialoge bewusst modal"
10,d10_keyboard_navigation,2,PASS,15/15 komplexe Dialogdateien mit expliziter Tab-Kette
11,d1_release_cleaner,8,PASS,
12,d2_prefilled_focus,2,PASS,Vorbefüllte Felder dürfen nicht komplett markiert werden
13,d3_form_accessibility,1,PASS,Betrag 1
14,d4_destructive_metadata,2,PASS,Icon-only-Löschaktion blieb Enter-Default
15,d5_language_consistency,5,PASS,Live-Sprachwechsel würde gemischte UI erzeugen
16,d6_theme_contrast,19,PASS,dunkel_blau.json: 
17,d7_icon_targets,1,PASS,views/account_management_dialog.py: 
18,d8_scaling,1,PASS,views/account_management_dialog.py: setFixedSize auf Dialog
19,d9_modal_load,2,PASS,"0 modale Informationen, 0 passive Warnungen, 99 Sicherheits-/Fehlerdialoge bewusst modal"
20,d10_keyboard_navigation,2,PASS,15/15 komplexe Dialogdateien mit expliziter Tab-Kette
21,d1_release_cleaner,8,PASS,
22,d2_prefilled_focus,2,PASS,Vorbefüllte Felder dürfen nicht komplett markiert werden
23,d3_form_accessibility,1,PASS,Betrag 2
24,d4_destructive_metadata,2,PASS,Icon-only-Löschaktion blieb Enter-Default
25,d5_language_consistency,5,PASS,Live-Sprachwechsel würde gemischte UI erzeugen
26,d6_theme_contrast,19,PASS,dunkel_gruen.json: 
27,d7_icon_targets,1,PASS,views/backup_restore_dialog.py: 
28,d8_scaling,1,PASS,views/backup_restore_dialog.py: setFixedSize auf Dialog
29,d9_modal_load,2,PASS,"0 modale Informationen, 0 passive Warnungen, 99 Sicherheits-/Fehlerdialoge bewusst modal"
30,d10_keyboard_navigation,2,PASS,15/15 komplexe Dialogdateien mit expliziter Tab-Kette
31,d1_release_cleaner,8,PASS,
32,d2_prefilled_focus,2,PASS,Vorbefüllte Felder dürfen nicht komplett markiert werden
33,d3_form_accessibility,1,PASS,Betrag 3
34,d4_destructive_metadata,2,PASS,Icon-only-Löschaktion blieb Enter-Default
35,d5_language_consistency,5,PASS,Live-Sprachwechsel würde gemischte UI erzeugen
36,d6_theme_contrast,19,PASS,dunkel_oled_kontrastarm.json: 
37,d7_icon_targets,1,PASS,views/bank_import_analysis_worker.py: 
38,d8_scaling,1,PASS,views/bank_import_analysis_worker.py: setFixedSize auf Dialog
39,d9_modal_load,2,PASS,"0 modale Informationen, 0 passive Warnungen, 99 Sicherheits-/Fehlerdialoge bewusst modal"
40,d10_keyboard_navigation,2,PASS,15/15 komplexe Dialogdateien mit expliziter Tab-Kette
41,d1_release_cleaner,8,PASS,
42,d2_prefilled_focus,2,PASS,Vorbefüllte Felder dürfen nicht komplett markiert werden
43,d3_form_accessibility,1,PASS,Betrag 4
44,d4_destructive_metadata,2,PASS,Icon-only-Löschaktion blieb Enter-Default
45,d5_language_consistency,5,PASS,Live-Sprachwechsel würde gemischte UI erzeugen
46,d6_theme_contrast,19,PASS,dunkel_warm_sepia.json: 
47,d7_icon_targets,1,PASS,views/bank_import_dialog_runtime.py: 
48,d8_scaling,1,PASS,views/bank_import_dialog_runtime.py: setFixedSize auf Dialog
49,d9_modal_load,2,PASS,"0 modale Informationen, 0 passive Warnungen, 99 Sicherheits-/Fehlerdialoge bewusst modal"
50,d10_keyboard_navigation,2,PASS,15/15 komplexe Dialogdateien mit expliziter Tab-Kette
51,d1_release_cleaner,8,PASS,
52,d2_prefilled_focus,2,PASS,Vorbefüllte Felder dürfen nicht komplett markiert werden
53,d3_form_accessibility,1,PASS,Betrag 5
54,d4_destructive_metadata,2,PASS,Icon-only-Löschaktion blieb Enter-Default
55,d5_language_consistency,5,PASS,Live-Sprachwechsel würde gemischte UI erzeugen
56,d6_theme_contrast,19,PASS,gruvbox_dunkel.json: 
57,d7_icon_targets,1,PASS,views/bank_import_dialog_v4.py: 
58,d8_scaling,1,PASS,views/bank_import_dialog_v4.py: setFixedSize auf Dialog
59,d9_modal_load,2,PASS,"0 modale Informationen, 0 passive Warnungen, 99 Sicherheits-/Fehlerdialoge bewusst modal"
60,d10_keyboard_navigation,2,PASS,15/15 komplexe Dialogdateien mit expliziter Tab-Kette
61,d1_release_cleaner,8,PASS,
62,d2_prefilled_focus,2,PASS,Vorbefüllte Felder dürfen nicht komplett markiert werden
63,d3_form_accessibility,1,PASS,Betrag 6
64,d4_destructive_metadata,2,PASS,Icon-only-Löschaktion blieb Enter-Default
65,d5_language_consistency,5,PASS,Live-Sprachwechsel würde gemischte UI erzeugen
66,d6_theme_contrast,19,PASS,gruvbox_hell.json: 
67,d7_icon_targets,1,PASS,views/bridge_share_dialog.py: 
68,d8_scaling,1,PASS,views/bridge_share_dialog.py: setFixedSize auf Dialog
69,d9_modal_load,2,PASS,"0 modale Informationen, 0 passive Warnungen, 99 Sicherheits-/Fehlerdialoge bewusst modal"
70,d10_keyboard_navigation,2,PASS,15/15 komplexe Dialogdateien mit expliziter Tab-Kette
71,d1_release_cleaner,8,PASS,
72,d2_prefilled_focus,2,PASS,Vorbefüllte Felder dürfen nicht komplett markiert werden
73,d3_form_accessibility,1,PASS,Betrag 7
74,d4_destructive_metadata,2,PASS,Icon-only-Löschaktion blieb Enter-Default
75,d5_language_consistency,5,PASS,Live-Sprachwechsel würde gemischte UI erzeugen
76,d6_theme_contrast,19,PASS,hell_gruen.json: 
77,d7_icon_targets,1,PASS,views/budget_adjustment_dialog.py: 
78,d8_scaling,1,PASS,views/budget_adjustment_dialog.py: setFixedSize auf Dialog
79,d9_modal_load,2,PASS,"0 modale Informationen, 0 passive Warnungen, 99 Sicherheits-/Fehlerdialoge bewusst modal"
80,d10_keyboard_navigation,2,PASS,15/15 komplexe Dialogdateien mit expliziter Tab-Kette
81,d1_release_cleaner,8,PASS,
82,d2_prefilled_focus,2,PASS,Vorbefüllte Felder dürfen nicht komplett markiert werden
83,d3_form_accessibility,1,PASS,Betrag 8
84,d4_destructive_metadata,2,PASS,Icon-only-Löschaktion blieb Enter-Default
85,d5_language_consistency,5,PASS,Live-Sprachwechsel würde gemischte UI erzeugen
86,d6_theme_contrast,19,PASS,hell_warm_sepia.json: 
87,d7_icon_targets,1,PASS,views/budget_entry_dialog_extended.py: 
88,d8_scaling,1,PASS,views/budget_entry_dialog_extended.py: setFixedSize auf Dialog
89,d9_modal_load,2,PASS,"0 modale Informationen, 0 passive Warnungen, 99 Sicherheits-/Fehlerdialoge bewusst modal"
90,d10_keyboard_navigation,2,PASS,15/15 komplexe Dialogdateien mit expliziter Tab-Kette
91,d1_release_cleaner,8,PASS,
92,d2_prefilled_focus,2,PASS,Vorbefüllte Felder dürfen nicht komplett markiert werden
93,d3_form_accessibility,1,PASS,Betrag 9
94,d4_destructive_metadata,2,PASS,Icon-only-Löschaktion blieb Enter-Default
95,d5_language_consistency,5,PASS,Live-Sprachwechsel würde gemischte UI erzeugen
96,d6_theme_contrast,19,PASS,kontrast_schwarzweiss.json: 
97,d7_icon_targets,1,PASS,views/budget_fill_dialog.py: 
98,d8_scaling,1,PASS,views/budget_fill_dialog.py: setFixedSize auf Dialog
99,d9_modal_load,2,PASS,"0 modale Informationen, 0 passive Warnungen, 99 Sicherheits-/Fehlerdialoge bewusst modal"
100,d10_keyboard_navigation,2,PASS,15/15 komplexe Dialogdateien mit expliziter Tab-Kette
101,d1_release_cleaner,8,PASS,
102,d2_prefilled_focus,2,PASS,Vorbefüllte Felder dürfen nicht komplett markiert werden
103,d3_form_accessibility,1,PASS,Betrag 10
104,d4_destructive_metadata,2,PASS,Icon-only-Löschaktion blieb Enter-Default
105,d5_language_consistency,5,PASS,Live-Sprachwechsel würde gemischte UI erzeugen
106,d6_theme_contrast,19,PASS,mitternacht_violett.json: 
107,d7_icon_targets,1,PASS,views/category_delete_dialog.py: 
108,d8_scaling,1,PASS,views/category_delete_dialog.py: setFixedSize auf Dialog
109,d9_modal_load,2,PASS,"0 modale Informationen, 0 passive Warnungen, 99 Sicherheits-/Fehlerdialoge bewusst modal"
110,d10_keyboard_navigation,2,PASS,15/15 komplexe Dialogdateien mit expliziter Tab-Kette
111,d1_release_cleaner,8,PASS,
112,d2_prefilled_focus,2,PASS,Vorbefüllte Felder dürfen nicht komplett markiert werden
113,d3_form_accessibility,1,PASS,Betrag 11
114,d4_destructive_metadata,2,PASS,Icon-only-Löschaktion blieb Enter-Default
115,d5_language_consistency,5,PASS,Live-Sprachwechsel würde gemischte UI erzeugen
116,d6_theme_contrast,19,PASS,modern_cyan_v2.json: 
117,d7_icon_targets,1,PASS,views/category_excel_io.py: 
118,d8_scaling,1,PASS,views/category_excel_io.py: setFixedSize auf Dialog
119,d9_modal_load,2,PASS,"0 modale Informationen, 0 passive Warnungen, 99 Sicherheits-/Fehlerdialoge bewusst modal"
120,d10_keyboard_navigation,2,PASS,15/15 komplexe Dialogdateien mit expliziter Tab-Kette
121,d1_release_cleaner,8,PASS,
122,d2_prefilled_focus,2,PASS,Vorbefüllte Felder dürfen nicht komplett markiert werden
123,d3_form_accessibility,1,PASS,Betrag 12
124,d4_destructive_metadata,2,PASS,Icon-only-Löschaktion blieb Enter-Default
125,d5_language_consistency,5,PASS,Live-Sprachwechsel würde gemischte UI erzeugen
126,d6_theme_contrast,19,PASS,monokai_dunkel.json: 
127,d7_icon_targets,1,PASS,views/category_manager_dialog.py: 
128,d8_scaling,1,PASS,views/category_manager_dialog.py: setFixedSize auf Dialog
129,d9_modal_load,2,PASS,"0 modale Informationen, 0 passive Warnungen, 99 Sicherheits-/Fehlerdialoge bewusst modal"
130,d10_keyboard_navigation,2,PASS,15/15 komplexe Dialogdateien mit expliziter Tab-Kette
131,d1_release_cleaner,8,PASS,
132,d2_prefilled_focus,2,PASS,Vorbefüllte Felder dürfen nicht komplett markiert werden
133,d3_form_accessibility,1,PASS,Betrag 13
134,d4_destructive_metadata,2,PASS,Icon-only-Löschaktion blieb Enter-Default
135,d5_language_consistency,5,PASS,Live-Sprachwechsel würde gemischte UI erzeugen
136,d6_theme_contrast,19,PASS,nord_dunkel.json: 
137,d7_icon_targets,1,PASS,views/category_picker.py: 
138,d8_scaling,1,PASS,views/category_picker.py: setFixedSize auf Dialog
139,d9_modal_load,2,PASS,"0 modale Informationen, 0 passive Warnungen, 99 Sicherheits-/Fehlerdialoge bewusst modal"
140,d10_keyboard_navigation,2,PASS,15/15 komplexe Dialogdateien mit expliziter Tab-Kette
141,d1_release_cleaner,8,PASS,
142,d2_prefilled_focus,2,PASS,Vorbefüllte Felder dürfen nicht komplett markiert werden
143,d3_form_accessibility,1,PASS,Betrag 14
144,d4_destructive_metadata,2,PASS,Icon-only-Löschaktion blieb Enter-Default
145,d5_language_consistency,5,PASS,Live-Sprachwechsel würde gemischte UI erzeugen
146,d6_theme_contrast,19,PASS,ocean_dunkel.json: 
147,d7_icon_targets,1,PASS,views/category_properties_dialog.py: 
148,d8_scaling,1,PASS,views/category_properties_dialog.py: setFixedSize auf Dialog
149,d9_modal_load,2,PASS,"0 modale Informationen, 0 passive Warnungen, 99 Sicherheits-/Fehlerdialoge bewusst modal"
150,d10_keyboard_navigation,2,PASS,15/15 komplexe Dialogdateien mit expliziter Tab-Kette
151,d1_release_cleaner,8,PASS,
152,d2_prefilled_focus,2,PASS,Vorbefüllte Felder dürfen nicht komplett markiert werden
153,d3_form_accessibility,1,PASS,Betrag 15
154,d4_destructive_metadata,2,PASS,Icon-only-Löschaktion blieb Enter-Default
155,d5_language_consistency,5,PASS,Live-Sprachwechsel würde gemischte UI erzeugen
156,d6_theme_contrast,19,PASS,pastell_sanft.json: 
157,d7_icon_targets,1,PASS,views/category_search_picker.py: 
158,d8_scaling,1,PASS,views/category_search_picker.py: setFixedSize auf Dialog
159,d9_modal_load,2,PASS,"0 modale Informationen, 0 passive Warnungen, 99 Sicherheits-/Fehlerdialoge bewusst modal"
160,d10_keyboard_navigation,2,PASS,15/15 komplexe Dialogdateien mit expliziter Tab-Kette
161,d1_release_cleaner,8,PASS,
162,d2_prefilled_focus,2,PASS,Vorbefüllte Felder dürfen nicht komplett markiert werden
163,d3_form_accessibility,1,PASS,Betrag 16
164,d4_destructive_metadata,2,PASS,Icon-only-Löschaktion blieb Enter-Default
165,d5_language_consistency,5,PASS,Live-Sprachwechsel würde gemischte UI erzeugen
166,d6_theme_contrast,19,PASS,solarized_dunkel.json: 
167,d7_icon_targets,1,PASS,views/cockpit_charts.py: 
168,d8_scaling,1,PASS,views/cockpit_charts.py: setFixedSize auf Dialog
169,d9_modal_load,2,PASS,"0 modale Informationen, 0 passive Warnungen, 99 Sicherheits-/Fehlerdialoge bewusst modal"
170,d10_keyboard_navigation,2,PASS,15/15 komplexe Dialogdateien mit expliziter Tab-Kette
171,d1_release_cleaner,8,PASS,
172,d2_prefilled_focus,2,PASS,Vorbefüllte Felder dürfen nicht komplett markiert werden
173,d3_form_accessibility,1,PASS,Betrag 17
174,d4_destructive_metadata,2,PASS,Icon-only-Löschaktion blieb Enter-Default
175,d5_language_consistency,5,PASS,Live-Sprachwechsel würde gemischte UI erzeugen
176,d6_theme_contrast,19,PASS,solarized_hell.json: 
177,d7_icon_targets,1,PASS,views/cockpit_sections.py: 
178,d8_scaling,1,PASS,views/cockpit_sections.py: setFixedSize auf Dialog
179,d9_modal_load,2,PASS,"0 modale Informationen, 0 passive Warnungen, 99 Sicherheits-/Fehlerdialoge bewusst modal"
180,d10_keyboard_navigation,2,PASS,15/15 komplexe Dialogdateien mit expliziter Tab-Kette
181,d1_release_cleaner,8,PASS,
182,d2_prefilled_focus,2,PASS,Vorbefüllte Felder dürfen nicht komplett markiert werden
183,d3_form_accessibility,1,PASS,Betrag 18
184,d4_destructive_metadata,2,PASS,Icon-only-Löschaktion blieb Enter-Default
185,d5_language_consistency,5,PASS,Live-Sprachwechsel würde gemischte UI erzeugen
186,d6_theme_contrast,19,PASS,standard_dunkel.json: 
187,d7_icon_targets,1,PASS,views/copy_year_dialog.py: 
188,d8_scaling,1,PASS,views/copy_year_dialog.py: setFixedSize auf Dialog
189,d9_modal_load,2,PASS,"0 modale Informationen, 0 passive Warnungen, 99 Sicherheits-/Fehlerdialoge bewusst modal"
190,d10_keyboard_navigation,2,PASS,15/15 komplexe Dialogdateien mit expliziter Tab-Kette
191,d1_release_cleaner,8,PASS,
192,d2_prefilled_focus,2,PASS,Vorbefüllte Felder dürfen nicht komplett markiert werden
193,d3_form_accessibility,1,PASS,Betrag 19
194,d4_destructive_metadata,2,PASS,Icon-only-Löschaktion blieb Enter-Default
195,d5_language_consistency,5,PASS,Live-Sprachwechsel würde gemischte UI erzeugen
196,d6_theme_contrast,19,PASS,standard_hell.json: 
197,d7_icon_targets,1,PASS,views/database_management_dialog.py: 
198,d8_scaling,1,PASS,views/database_management_dialog.py: setFixedSize auf Dialog
199,d9_modal_load,2,PASS,"0 modale Informationen, 0 passive Warnungen, 99 Sicherheits-/Fehlerdialoge bewusst modal"
200,d10_keyboard_navigation,2,PASS,15/15 komplexe Dialogdateien mit expliziter Tab-Kette
201,d1_release_cleaner,8,PASS,
202,d2_prefilled_focus,2,PASS,Vorbefüllte Felder dürfen nicht komplett markiert werden
203,d3_form_accessibility,1,PASS,Betrag 20
204,d4_destructive_metadata,2,PASS,Icon-only-Löschaktion blieb Enter-Default
205,d5_language_consistency,5,PASS,Live-Sprachwechsel würde gemischte UI erzeugen
206,d6_theme_contrast,19,PASS,v2_dunkel_graphite_cyan.json: 
207,d7_icon_targets,1,PASS,views/delegates/badge_delegate.py: 
208,d8_scaling,1,PASS,views/delegates/badge_delegate.py: setFixedSize auf Dialog
209,d9_modal_load,2,PASS,"0 modale Informationen, 0 passive Warnungen, 99 Sicherheits-/Fehlerdialoge bewusst modal"
210,d10_keyboard_navigation,2,PASS,15/15 komplexe Dialogdateien mit expliziter Tab-Kette
211,d1_release_cleaner,8,PASS,
212,d2_prefilled_focus,2,PASS,Vorbefüllte Felder dürfen nicht komplett markiert werden
213,d3_form_accessibility,1,PASS,Betrag 21
214,d4_destructive_metadata,2,PASS,Icon-only-Löschaktion blieb Enter-Default
215,d5_language_consistency,5,PASS,Live-Sprachwechsel würde gemischte UI erzeugen
216,d6_theme_contrast,19,PASS,v2_dunkel_purple_night.json: 
217,d7_icon_targets,1,PASS,views/export_dialog.py: 
218,d8_scaling,1,PASS,views/export_dialog.py: setFixedSize auf Dialog
219,d9_modal_load,2,PASS,"0 modale Informationen, 0 passive Warnungen, 99 Sicherheits-/Fehlerdialoge bewusst modal"
220,d10_keyboard_navigation,2,PASS,15/15 komplexe Dialogdateien mit expliziter Tab-Kette
221,d1_release_cleaner,8,PASS,
222,d2_prefilled_focus,2,PASS,Vorbefüllte Felder dürfen nicht komplett markiert werden
223,d3_form_accessibility,1,PASS,Betrag 22
224,d4_destructive_metadata,2,PASS,Icon-only-Löschaktion blieb Enter-Default
225,d5_language_consistency,5,PASS,Live-Sprachwechsel würde gemischte UI erzeugen
226,d6_theme_contrast,19,PASS,v2_hell_neon_cyan.json: 
227,d7_icon_targets,1,PASS,views/favorites_dashboard_dialog.py: 
228,d8_scaling,1,PASS,views/favorites_dashboard_dialog.py: setFixedSize auf Dialog
229,d9_modal_load,2,PASS,"0 modale Informationen, 0 passive Warnungen, 99 Sicherheits-/Fehlerdialoge bewusst modal"
230,d10_keyboard_navigation,2,PASS,15/15 komplexe Dialogdateien mit expliziter Tab-Kette
231,d1_release_cleaner,8,PASS,
232,d2_prefilled_focus,2,PASS,Vorbefüllte Felder dürfen nicht komplett markiert werden
233,d3_form_accessibility,1,PASS,Betrag 23
234,d4_destructive_metadata,2,PASS,Icon-only-Löschaktion blieb Enter-Default
235,d5_language_consistency,5,PASS,Live-Sprachwechsel würde gemischte UI erzeugen
236,d6_theme_contrast,19,PASS,v2_hell_pastel_mint.json: 
237,d7_icon_targets,1,PASS,views/global_search_dialog.py: 
238,d8_scaling,1,PASS,views/global_search_dialog.py: setFixedSize auf Dialog
239,d9_modal_load,2,PASS,"0 modale Informationen, 0 passive Warnungen, 99 Sicherheits-/Fehlerdialoge bewusst modal"
240,d10_keyboard_navigation,2,PASS,15/15 komplexe Dialogdateien mit expliziter Tab-Kette
241,d1_release_cleaner,8,PASS,
242,d2_prefilled_focus,2,PASS,Vorbefüllte Felder dürfen nicht komplett markiert werden
243,d3_form_accessibility,1,PASS,Betrag 24
244,d4_destructive_metadata,2,PASS,Icon-only-Löschaktion blieb Enter-Default
245,d5_language_consistency,5,PASS,Live-Sprachwechsel würde gemischte UI erzeugen
246,d6_theme_contrast,19,PASS,v2_hell_warm_sand.json: 
247,d7_icon_targets,1,PASS,views/help_content.py: 
248,d8_scaling,1,PASS,views/help_content.py: setFixedSize auf Dialog
249,d9_modal_load,2,PASS,"0 modale Informationen, 0 passive Warnungen, 99 Sicherheits-/Fehlerdialoge bewusst modal"
250,d10_keyboard_navigation,2,PASS,15/15 komplexe Dialogdateien mit expliziter Tab-Kette
251,d1_release_cleaner,8,PASS,
252,d2_prefilled_focus,2,PASS,Vorbefüllte Felder dürfen nicht komplett markiert werden
253,d3_form_accessibility,1,PASS,Betrag 25
254,d4_destructive_metadata,2,PASS,Icon-only-Löschaktion blieb Enter-Default
255,d5_language_consistency,5,PASS,Live-Sprachwechsel würde gemischte UI erzeugen
256,d6_theme_contrast,19,PASS,warm_hell.json: 
257,d7_icon_targets,1,PASS,views/help_content_additions.py: 
258,d8_scaling,1,PASS,views/help_content_additions.py: setFixedSize auf Dialog
259,d9_modal_load,2,PASS,"0 modale Informationen, 0 passive Warnungen, 99 Sicherheits-/Fehlerdialoge bewusst modal"
260,d10_keyboard_navigation,2,PASS,15/15 komplexe Dialogdateien mit expliziter Tab-Kette
261,d1_release_cleaner,8,PASS,
262,d2_prefilled_focus,2,PASS,Vorbefüllte Felder dürfen nicht komplett markiert werden
263,d3_form_accessibility,1,PASS,Betrag 26
264,d4_destructive_metadata,2,PASS,Icon-only-Löschaktion blieb Enter-Default
265,d5_language_consistency,5,PASS,Live-Sprachwechsel würde gemischte UI erzeugen
266,d6_theme_contrast,19,PASS,dracula_dunkel.json: 
267,d7_icon_targets,1,PASS,views/help_dialog.py: 
268,d8_scaling,1,PASS,views/help_dialog.py: setFixedSize auf Dialog
269,d9_modal_load,2,PASS,"0 modale Informationen, 0 passive Warnungen, 99 Sicherheits-/Fehlerdialoge bewusst modal"
270,d10_keyboard_navigation,2,PASS,15/15 komplexe Dialogdateien mit expliziter Tab-Kette
271,d1_release_cleaner,8,PASS,
272,d2_prefilled_focus,2,PASS,Vorbefüllte Felder dürfen nicht komplett markiert werden
273,d3_form_accessibility,1,PASS,Betrag 27
274,d4_destructive_metadata,2,PASS,Icon-only-Löschaktion blieb Enter-Default
275,d5_language_consistency,5,PASS,Live-Sprachwechsel würde gemischte UI erzeugen
276,d6_theme_contrast,19,PASS,dunkel_blau.json: 
277,d7_icon_targets,1,PASS,views/help_launcher.py: 
278,d8_scaling,1,PASS,views/help_launcher.py: setFixedSize auf Dialog
279,d9_modal_load,2,PASS,"0 modale Informationen, 0 passive Warnungen, 99 Sicherheits-/Fehlerdialoge bewusst modal"
280,d10_keyboard_navigation,2,PASS,15/15 komplexe Dialogdateien mit expliziter Tab-Kette
281,d1_release_cleaner,8,PASS,
282,d2_prefilled_focus,2,PASS,Vorbefüllte Felder dürfen nicht komplett markiert werden
283,d3_form_accessibility,1,PASS,Betrag 28
284,d4_destructive_metadata,2,PASS,Icon-only-Löschaktion blieb Enter-Default
285,d5_language_consistency,5,PASS,Live-Sprachwechsel würde gemischte UI erzeugen
286,d6_theme_contrast,19,PASS,dunkel_gruen.json: 
287,d7_icon_targets,1,PASS,views/help_menu.py: 
288,d8_scaling,1,PASS,views/help_menu.py: setFixedSize auf Dialog
289,d9_modal_load,2,PASS,"0 modale Informationen, 0 passive Warnungen, 99 Sicherheits-/Fehlerdialoge bewusst modal"
290,d10_keyboard_navigation,2,PASS,15/15 komplexe Dialogdateien mit expliziter Tab-Kette
291,d1_release_cleaner,8,PASS,
292,d2_prefilled_focus,2,PASS,Vorbefüllte Felder dürfen nicht komplett markiert werden
293,d3_form_accessibility,1,PASS,Betrag 29
294,d4_destructive_metadata,2,PASS,Icon-only-Löschaktion blieb Enter-Default
295,d5_language_consistency,5,PASS,Live-Sprachwechsel würde gemischte UI erzeugen
296,d6_theme_contrast,19,PASS,dunkel_oled_kontrastarm.json: 
297,d7_icon_targets,1,PASS,views/import_progress_area.py: 
298,d8_scaling,1,PASS,views/import_progress_area.py: setFixedSize auf Dialog
299,d9_modal_load,2,PASS,"0 modale Informationen, 0 passive Warnungen, 99 Sicherheits-/Fehlerdialoge bewusst modal"
300,d10_keyboard_navigation,2,PASS,15/15 komplexe Dialogdateien mit expliziter Tab-Kette
301,d1_release_cleaner,8,PASS,
302,d2_prefilled_focus,2,PASS,Vorbefüllte Felder dürfen nicht komplett markiert werden
303,d3_form_accessibility,1,PASS,Betrag 30
304,d4_destructive_metadata,2,PASS,Icon-only-Löschaktion blieb Enter-Default
305,d5_language_consistency,5,PASS,Live-Sprachwechsel würde gemischte UI erzeugen
306,d6_theme_contrast,19,PASS,dunkel_warm_sepia.json: 
307,d7_icon_targets,1,PASS,views/language_select_dialog.py: 
308,d8_scaling,1,PASS,views/language_select_dialog.py: setFixedSize auf Dialog
309,d9_modal_load,2,PASS,"0 modale Informationen, 0 passive Warnungen, 99 Sicherheits-/Fehlerdialoge bewusst modal"
310,d10_keyboard_navigation,2,PASS,15/15 komplexe Dialogdateien mit expliziter Tab-Kette
311,d1_release_cleaner,8,PASS,
312,d2_prefilled_focus,2,PASS,Vorbefüllte Felder dürfen nicht komplett markiert werden
313,d3_form_accessibility,1,PASS,Betrag 31
314,d4_destructive_metadata,2,PASS,Icon-only-Löschaktion blieb Enter-Default
315,d5_language_consistency,5,PASS,Live-Sprachwechsel würde gemischte UI erzeugen
316,d6_theme_contrast,19,PASS,gruvbox_dunkel.json: 
317,d7_icon_targets,1,PASS,views/lifeplanner_import_dialog.py: 
318,d8_scaling,1,PASS,views/lifeplanner_import_dialog.py: setFixedSize auf Dialog
319,d9_modal_load,2,PASS,"0 modale Informationen, 0 passive Warnungen, 99 Sicherheits-/Fehlerdialoge bewusst modal"
320,d10_keyboard_navigation,2,PASS,15/15 komplexe Dialogdateien mit expliziter Tab-Kette
321,d1_release_cleaner,8,PASS,
322,d2_prefilled_focus,2,PASS,Vorbefüllte Felder dürfen nicht komplett markiert werden
323,d3_form_accessibility,1,PASS,Betrag 32
324,d4_destructive_metadata,2,PASS,Icon-only-Löschaktion blieb Enter-Default
325,d5_language_consistency,5,PASS,Live-Sprachwechsel würde gemischte UI erzeugen
326,d6_theme_contrast,19,PASS,gruvbox_hell.json: 
327,d7_icon_targets,1,PASS,views/login_dialog.py: 
328,d8_scaling,1,PASS,views/login_dialog.py: setFixedSize auf Dialog
329,d9_modal_load,2,PASS,"0 modale Informationen, 0 passive Warnungen, 99 Sicherheits-/Fehlerdialoge bewusst modal"
330,d10_keyboard_navigation,2,PASS,15/15 komplexe Dialogdateien mit expliziter Tab-Kette
331,d1_release_cleaner,8,PASS,
332,d2_prefilled_focus,2,PASS,Vorbefüllte Felder dürfen nicht komplett markiert werden
333,d3_form_accessibility,1,PASS,Betrag 33
334,d4_destructive_metadata,2,PASS,Icon-only-Löschaktion blieb Enter-Default
335,d5_language_consistency,5,PASS,Live-Sprachwechsel würde gemischte UI erzeugen
336,d6_theme_contrast,19,PASS,hell_gruen.json: 
337,d7_icon_targets,1,PASS,views/main_window.py: 
338,d8_scaling,1,PASS,views/main_window.py: setFixedSize auf Dialog
339,d9_modal_load,2,PASS,"0 modale Informationen, 0 passive Warnungen, 99 Sicherheits-/Fehlerdialoge bewusst modal"
340,d10_keyboard_navigation,2,PASS,15/15 komplexe Dialogdateien mit expliziter Tab-Kette
341,d1_release_cleaner,8,PASS,
342,d2_prefilled_focus,2,PASS,Vorbefüllte Felder dürfen nicht komplett markiert werden
343,d3_form_accessibility,1,PASS,Betrag 34
344,d4_destructive_metadata,2,PASS,Icon-only-Löschaktion blieb Enter-Default
345,d5_language_consistency,5,PASS,Live-Sprachwechsel würde gemischte UI erzeugen
346,d6_theme_contrast,19,PASS,hell_warm_sepia.json: 
347,d7_icon_targets,1,PASS,views/main_window_diagnostics.py: 
348,d8_scaling,1,PASS,views/main_window_diagnostics.py: setFixedSize auf Dialog
349,d9_modal_load,2,PASS,"0 modale Informationen, 0 passive Warnungen, 99 Sicherheits-/Fehlerdialoge bewusst modal"
350,d10_keyboard_navigation,2,PASS,15/15 komplexe Dialogdateien mit expliziter Tab-Kette
351,d1_release_cleaner,8,PASS,
352,d2_prefilled_focus,2,PASS,Vorbefüllte Felder dürfen nicht komplett markiert werden
353,d3_form_accessibility,1,PASS,Betrag 35
354,d4_destructive_metadata,2,PASS,Icon-only-Löschaktion blieb Enter-Default
355,d5_language_consistency,5,PASS,Live-Sprachwechsel würde gemischte UI erzeugen
356,d6_theme_contrast,19,PASS,kontrast_schwarzweiss.json: 
357,d7_icon_targets,1,PASS,views/main_window_dialogs.py: 
358,d8_scaling,1,PASS,views/main_window_dialogs.py: setFixedSize auf Dialog
359,d9_modal_load,2,PASS,"0 modale Informationen, 0 passive Warnungen, 99 Sicherheits-/Fehlerdialoge bewusst modal"
360,d10_keyboard_navigation,2,PASS,15/15 komplexe Dialogdateien mit expliziter Tab-Kette
361,d1_release_cleaner,8,PASS,
362,d2_prefilled_focus,2,PASS,Vorbefüllte Felder dürfen nicht komplett markiert werden
363,d3_form_accessibility,1,PASS,Betrag 36
364,d4_destructive_metadata,2,PASS,Icon-only-Löschaktion blieb Enter-Default
365,d5_language_consistency,5,PASS,Live-Sprachwechsel würde gemischte UI erzeugen
366,d6_theme_contrast,19,PASS,mitternacht_violett.json: 
367,d7_icon_targets,1,PASS,views/main_window_onedrive.py: 
368,d8_scaling,1,PASS,views/main_window_onedrive.py: setFixedSize auf Dialog
369,d9_modal_load,2,PASS,"0 modale Informationen, 0 passive Warnungen, 99 Sicherheits-/Fehlerdialoge bewusst modal"
370,d10_keyboard_navigation,2,PASS,15/15 komplexe Dialogdateien mit expliziter Tab-Kette
371,d1_release_cleaner,8,PASS,
372,d2_prefilled_focus,2,PASS,Vorbefüllte Felder dürfen nicht komplett markiert werden
373,d3_form_accessibility,1,PASS,Betrag 37
374,d4_destructive_metadata,2,PASS,Icon-only-Löschaktion blieb Enter-Default
375,d5_language_consistency,5,PASS,Live-Sprachwechsel würde gemischte UI erzeugen
376,d6_theme_contrast,19,PASS,modern_cyan_v2.json: 
377,d7_icon_targets,1,PASS,views/main_window_settings.py: 
378,d8_scaling,1,PASS,views/main_window_settings.py: setFixedSize auf Dialog
379,d9_modal_load,2,PASS,"0 modale Informationen, 0 passive Warnungen, 99 Sicherheits-/Fehlerdialoge bewusst modal"
380,d10_keyboard_navigation,2,PASS,15/15 komplexe Dialogdateien mit expliziter Tab-Kette
381,d1_release_cleaner,8,PASS,
382,d2_prefilled_focus,2,PASS,Vorbefüllte Felder dürfen nicht komplett markiert werden
383,d3_form_accessibility,1,PASS,Betrag 38
384,d4_destructive_metadata,2,PASS,Icon-only-Löschaktion blieb Enter-Default
385,d5_language_consistency,5,PASS,Live-Sprachwechsel würde gemischte UI erzeugen
386,d6_theme_contrast,19,PASS,monokai_dunkel.json: 
387,d7_icon_targets,1,PASS,views/main_window_update.py: 
388,d8_scaling,1,PASS,views/main_window_update.py: setFixedSize auf Dialog
389,d9_modal_load,2,PASS,"0 modale Informationen, 0 passive Warnungen, 99 Sicherheits-/Fehlerdialoge bewusst modal"
390,d10_keyboard_navigation,2,PASS,15/15 komplexe Dialogdateien mit expliziter Tab-Kette
391,d1_release_cleaner,8,PASS,
392,d2_prefilled_focus,2,PASS,Vorbefüllte Felder dürfen nicht komplett markiert werden
393,d3_form_accessibility,1,PASS,Betrag 39
394,d4_destructive_metadata,2,PASS,Icon-only-Löschaktion blieb Enter-Default
395,d5_language_consistency,5,PASS,Live-Sprachwechsel würde gemischte UI erzeugen
396,d6_theme_contrast,19,PASS,nord_dunkel.json: 
397,d7_icon_targets,1,PASS,views/month_close_dialog.py: 
398,d8_scaling,1,PASS,views/month_close_dialog.py: setFixedSize auf Dialog
399,d9_modal_load,2,PASS,"0 modale Informationen, 0 passive Warnungen, 99 Sicherheits-/Fehlerdialoge bewusst modal"
400,d10_keyboard_navigation,2,PASS,15/15 komplexe Dialogdateien mit expliziter Tab-Kette
401,d1_release_cleaner,8,PASS,
402,d2_prefilled_focus,2,PASS,Vorbefüllte Felder dürfen nicht komplett markiert werden
403,d3_form_accessibility,1,PASS,Betrag 40
404,d4_destructive_metadata,2,PASS,Icon-only-Löschaktion blieb Enter-Default
405,d5_language_consistency,5,PASS,Live-Sprachwechsel würde gemischte UI erzeugen
406,d6_theme_contrast,19,PASS,ocean_dunkel.json: 
407,d7_icon_targets,1,PASS,views/quick_add_dialog.py: 
408,d8_scaling,1,PASS,views/quick_add_dialog.py: setFixedSize auf Dialog
409,d9_modal_load,2,PASS,"0 modale Informationen, 0 passive Warnungen, 99 Sicherheits-/Fehlerdialoge bewusst modal"
410,d10_keyboard_navigation,2,PASS,15/15 komplexe Dialogdateien mit expliziter Tab-Kette
411,d1_release_cleaner,8,PASS,
412,d2_prefilled_focus,2,PASS,Vorbefüllte Felder dürfen nicht komplett markiert werden
413,d3_form_accessibility,1,PASS,Betrag 41
414,d4_destructive_metadata,2,PASS,Icon-only-Löschaktion blieb Enter-Default
415,d5_language_consistency,5,PASS,Live-Sprachwechsel würde gemischte UI erzeugen
416,d6_theme_contrast,19,PASS,pastell_sanft.json: 
417,d7_icon_targets,1,PASS,views/reauth.py: 
418,d8_scaling,1,PASS,views/reauth.py: setFixedSize auf Dialog
419,d9_modal_load,2,PASS,"0 modale Informationen, 0 passive Warnungen, 99 Sicherheits-/Fehlerdialoge bewusst modal"
420,d10_keyboard_navigation,2,PASS,15/15 komplexe Dialogdateien mit expliziter Tab-Kette
421,d1_release_cleaner,8,PASS,
422,d2_prefilled_focus,2,PASS,Vorbefüllte Felder dürfen nicht komplett markiert werden
423,d3_form_accessibility,1,PASS,Betrag 42
424,d4_destructive_metadata,2,PASS,Icon-only-Löschaktion blieb Enter-Default
425,d5_language_consistency,5,PASS,Live-Sprachwechsel würde gemischte UI erzeugen
426,d6_theme_contrast,19,PASS,solarized_dunkel.json: 
427,d7_icon_targets,1,PASS,views/recurring_bookings_dialog.py: 
428,d8_scaling,1,PASS,views/recurring_bookings_dialog.py: setFixedSize auf Dialog
429,d9_modal_load,2,PASS,"0 modale Informationen, 0 passive Warnungen, 99 Sicherheits-/Fehlerdialoge bewusst modal"
430,d10_keyboard_navigation,2,PASS,15/15 komplexe Dialogdateien mit expliziter Tab-Kette
431,d1_release_cleaner,8,PASS,
432,d2_prefilled_focus,2,PASS,Vorbefüllte Felder dürfen nicht komplett markiert werden
433,d3_form_accessibility,1,PASS,Betrag 43
434,d4_destructive_metadata,2,PASS,Icon-only-Löschaktion blieb Enter-Default
435,d5_language_consistency,5,PASS,Live-Sprachwechsel würde gemischte UI erzeugen
436,d6_theme_contrast,19,PASS,solarized_hell.json: 
437,d7_icon_targets,1,PASS,views/restore_key_dialog.py: 
438,d8_scaling,1,PASS,views/restore_key_dialog.py: setFixedSize auf Dialog
439,d9_modal_load,2,PASS,"0 modale Informationen, 0 passive Warnungen, 99 Sicherheits-/Fehlerdialoge bewusst modal"
440,d10_keyboard_navigation,2,PASS,15/15 komplexe Dialogdateien mit expliziter Tab-Kette
441,d1_release_cleaner,8,PASS,
442,d2_prefilled_focus,2,PASS,Vorbefüllte Felder dürfen nicht komplett markiert werden
443,d3_form_accessibility,1,PASS,Betrag 44
444,d4_destructive_metadata,2,PASS,Icon-only-Löschaktion blieb Enter-Default
445,d5_language_consistency,5,PASS,Live-Sprachwechsel würde gemischte UI erzeugen
446,d6_theme_contrast,19,PASS,standard_dunkel.json: 
447,d7_icon_targets,1,PASS,views/savings_goal_messages.py: 
448,d8_scaling,1,PASS,views/savings_goal_messages.py: setFixedSize auf Dialog
449,d9_modal_load,2,PASS,"0 modale Informationen, 0 passive Warnungen, 99 Sicherheits-/Fehlerdialoge bewusst modal"
450,d10_keyboard_navigation,2,PASS,15/15 komplexe Dialogdateien mit expliziter Tab-Kette
451,d1_release_cleaner,8,PASS,
452,d2_prefilled_focus,2,PASS,Vorbefüllte Felder dürfen nicht komplett markiert werden
453,d3_form_accessibility,1,PASS,Betrag 45
454,d4_destructive_metadata,2,PASS,Icon-only-Löschaktion blieb Enter-Default
455,d5_language_consistency,5,PASS,Live-Sprachwechsel würde gemischte UI erzeugen
456,d6_theme_contrast,19,PASS,standard_hell.json: 
457,d7_icon_targets,1,PASS,views/savings_goals_dialog.py: 
458,d8_scaling,1,PASS,views/savings_goals_dialog.py: setFixedSize auf Dialog
459,d9_modal_load,2,PASS,"0 modale Informationen, 0 passive Warnungen, 99 Sicherheits-/Fehlerdialoge bewusst modal"
460,d10_keyboard_navigation,2,PASS,15/15 komplexe Dialogdateien mit expliziter Tab-Kette
461,d1_release_cleaner,8,PASS,
462,d2_prefilled_focus,2,PASS,Vorbefüllte Felder dürfen nicht komplett markiert werden
463,d3_form_accessibility,1,PASS,Betrag 46
464,d4_destructive_metadata,2,PASS,Icon-only-Löschaktion blieb Enter-Default
465,d5_language_consistency,5,PASS,Live-Sprachwechsel würde gemischte UI erzeugen
466,d6_theme_contrast,19,PASS,v2_dunkel_graphite_cyan.json: 
467,d7_icon_targets,1,PASS,views/setup_assistant_dialog.py: 
468,d8_scaling,1,PASS,views/setup_assistant_dialog.py: setFixedSize auf Dialog
469,d9_modal_load,2,PASS,"0 modale Informationen, 0 passive Warnungen, 99 Sicherheits-/Fehlerdialoge bewusst modal"
470,d10_keyboard_navigation,2,PASS,15/15 komplexe Dialogdateien mit expliziter Tab-Kette
471,d1_release_cleaner,8,PASS,
472,d2_prefilled_focus,2,PASS,Vorbefüllte Felder dürfen nicht komplett markiert werden
473,d3_form_accessibility,1,PASS,Betrag 47
474,d4_destructive_metadata,2,PASS,Icon-only-Löschaktion blieb Enter-Default
475,d5_language_consistency,5,PASS,Live-Sprachwechsel würde gemischte UI erzeugen
476,d6_theme_contrast,19,PASS,v2_dunkel_purple_night.json: 
477,d7_icon_targets,1,PASS,views/shortcuts_dialog.py: 
478,d8_scaling,1,PASS,views/shortcuts_dialog.py: setFixedSize auf Dialog
479,d9_modal_load,2,PASS,"0 modale Informationen, 0 passive Warnungen, 99 Sicherheits-/Fehlerdialoge bewusst modal"
480,d10_keyboard_navigation,2,PASS,15/15 komplexe Dialogdateien mit expliziter Tab-Kette
481,d1_release_cleaner,8,PASS,
482,d2_prefilled_focus,2,PASS,Vorbefüllte Felder dürfen nicht komplett markiert werden
483,d3_form_accessibility,1,PASS,Betrag 48
484,d4_destructive_metadata,2,PASS,Icon-only-Löschaktion blieb Enter-Default
485,d5_language_consistency,5,PASS,Live-Sprachwechsel würde gemischte UI erzeugen
486,d6_theme_contrast,19,PASS,v2_hell_neon_cyan.json: 
487,d7_icon_targets,1,PASS,views/special_income_dialog.py: 
488,d8_scaling,1,PASS,views/special_income_dialog.py: setFixedSize auf Dialog
489,d9_modal_load,2,PASS,"0 modale Informationen, 0 passive Warnungen, 99 Sicherheits-/Fehlerdialoge bewusst modal"
490,d10_keyboard_navigation,2,PASS,15/15 komplexe Dialogdateien mit expliziter Tab-Kette
491,d1_release_cleaner,8,PASS,
492,d2_prefilled_focus,2,PASS,Vorbefüllte Felder dürfen nicht komplett markiert werden
493,d3_form_accessibility,1,PASS,Betrag 49
494,d4_destructive_metadata,2,PASS,Icon-only-Löschaktion blieb Enter-Default
495,d5_language_consistency,5,PASS,Live-Sprachwechsel würde gemischte UI erzeugen
496,d6_theme_contrast,19,PASS,v2_hell_pastel_mint.json: 
497,d7_icon_targets,1,PASS,views/startup_splash.py: 
498,d8_scaling,1,PASS,views/startup_splash.py: setFixedSize auf Dialog
499,d9_modal_load,2,PASS,"0 modale Informationen, 0 passive Warnungen, 99 Sicherheits-/Fehlerdialoge bewusst modal"
500,d10_keyboard_navigation,2,PASS,15/15 komplexe Dialogdateien mit expliziter Tab-Kette
501,d1_release_cleaner,8,PASS,
502,d2_prefilled_focus,2,PASS,Vorbefüllte Felder dürfen nicht komplett markiert werden
503,d3_form_accessibility,1,PASS,Betrag 50
504,d4_destructive_metadata,2,PASS,Icon-only-Löschaktion blieb Enter-Default
505,d5_language_consistency,5,PASS,Live-Sprachwechsel würde gemischte UI erzeugen
506,d6_theme_contrast,19,PASS,v2_hell_warm_sand.json: 
507,d7_icon_targets,1,PASS,views/startup_wizard.py: 
508,d8_scaling,1,PASS,views/startup_wizard.py: setFixedSize auf Dialog
509,d9_modal_load,2,PASS,"0 modale Informationen, 0 passive Warnungen, 99 Sicherheits-/Fehlerdialoge bewusst modal"
510,d10_keyboard_navigation,2,PASS,15/15 komplexe Dialogdateien mit expliziter Tab-Kette
511,d1_release_cleaner,8,PASS,
512,d2_prefilled_focus,2,PASS,Vorbefüllte Felder dürfen nicht komplett markiert werden
513,d3_form_accessibility,1,PASS,Betrag 51
514,d4_destructive_metadata,2,PASS,Icon-only-Löschaktion blieb Enter-Default
515,d5_language_consistency,5,PASS,Live-Sprachwechsel würde gemischte UI erzeugen
516,d6_theme_contrast,19,PASS,warm_hell.json: 
517,d7_icon_targets,1,PASS,views/tabs/budget_tab.py: 
518,d8_scaling,1,PASS,views/tabs/budget_tab.py: setFixedSize auf Dialog
519,d9_modal_load,2,PASS,"0 modale Informationen, 0 passive Warnungen, 99 Sicherheits-/Fehlerdialoge bewusst modal"
520,d10_keyboard_navigation,2,PASS,15/15 komplexe Dialogdateien mit expliziter Tab-Kette
521,d1_release_cleaner,8,PASS,
522,d2_prefilled_focus,2,PASS,Vorbefüllte Felder dürfen nicht komplett markiert werden
523,d3_form_accessibility,1,PASS,Betrag 52
524,d4_destructive_metadata,2,PASS,Icon-only-Löschaktion blieb Enter-Default
525,d5_language_consistency,5,PASS,Live-Sprachwechsel würde gemischte UI erzeugen
526,d6_theme_contrast,19,PASS,dracula_dunkel.json: 
527,d7_icon_targets,1,PASS,views/tabs/categories_tab.py: 
528,d8_scaling,1,PASS,views/tabs/categories_tab.py: setFixedSize auf Dialog
529,d9_modal_load,2,PASS,"0 modale Informationen, 0 passive Warnungen, 99 Sicherheits-/Fehlerdialoge bewusst modal"
530,d10_keyboard_navigation,2,PASS,15/15 komplexe Dialogdateien mit expliziter Tab-Kette
531,d1_release_cleaner,8,PASS,
532,d2_prefilled_focus,2,PASS,Vorbefüllte Felder dürfen nicht komplett markiert werden
533,d3_form_accessibility,1,PASS,Betrag 53
534,d4_destructive_metadata,2,PASS,Icon-only-Löschaktion blieb Enter-Default
535,d5_language_consistency,5,PASS,Live-Sprachwechsel würde gemischte UI erzeugen
536,d6_theme_contrast,19,PASS,dunkel_blau.json: 
537,d7_icon_targets,1,PASS,views/tabs/cockpit_tab.py: 
538,d8_scaling,1,PASS,views/tabs/cockpit_tab.py: setFixedSize auf Dialog
539,d9_modal_load,2,PASS,"0 modale Informationen, 0 passive Warnungen, 99 Sicherheits-/Fehlerdialoge bewusst modal"
540,d10_keyboard_navigation,2,PASS,15/15 komplexe Dialogdateien mit expliziter Tab-Kette
541,d1_release_cleaner,8,PASS,
542,d2_prefilled_focus,2,PASS,Vorbefüllte Felder dürfen nicht komplett markiert werden
543,d3_form_accessibility,1,PASS,Betrag 54
544,d4_destructive_metadata,2,PASS,Icon-only-Löschaktion blieb Enter-Default
545,d5_language_consistency,5,PASS,Live-Sprachwechsel würde gemischte UI erzeugen
546,d6_theme_contrast,19,PASS,dunkel_gruen.json: 
547,d7_icon_targets,1,PASS,views/tabs/overview_budget_panel.py: 
548,d8_scaling,1,PASS,views/tabs/overview_budget_panel.py: setFixedSize auf Dialog
549,d9_modal_load,2,PASS,"0 modale Informationen, 0 passive Warnungen, 99 Sicherheits-/Fehlerdialoge bewusst modal"
550,d10_keyboard_navigation,2,PASS,15/15 komplexe Dialogdateien mit expliziter Tab-Kette
551,d1_release_cleaner,8,PASS,
552,d2_prefilled_focus,2,PASS,Vorbefüllte Felder dürfen nicht komplett markiert werden
553,d3_form_accessibility,1,PASS,Betrag 55
554,d4_destructive_metadata,2,PASS,Icon-only-Löschaktion blieb Enter-Default
555,d5_language_consistency,5,PASS,Live-Sprachwechsel würde gemischte UI erzeugen
556,d6_theme_contrast,19,PASS,dunkel_oled_kontrastarm.json: 
557,d7_icon_targets,1,PASS,views/tabs/overview_kpi_panel.py: 
558,d8_scaling,1,PASS,views/tabs/overview_kpi_panel.py: setFixedSize auf Dialog
559,d9_modal_load,2,PASS,"0 modale Informationen, 0 passive Warnungen, 99 Sicherheits-/Fehlerdialoge bewusst modal"
560,d10_keyboard_navigation,2,PASS,15/15 komplexe Dialogdateien mit expliziter Tab-Kette
561,d1_release_cleaner,8,PASS,
562,d2_prefilled_focus,2,PASS,Vorbefüllte Felder dürfen nicht komplett markiert werden
563,d3_form_accessibility,1,PASS,Betrag 56
564,d4_destructive_metadata,2,PASS,Icon-only-Löschaktion blieb Enter-Default
565,d5_language_consistency,5,PASS,Live-Sprachwechsel würde gemischte UI erzeugen
566,d6_theme_contrast,19,PASS,dunkel_warm_sepia.json: 
567,d7_icon_targets,1,PASS,views/tabs/overview_right_panel.py: 
568,d8_scaling,1,PASS,views/tabs/overview_right_panel.py: setFixedSize auf Dialog
569,d9_modal_load,2,PASS,"0 modale Informationen, 0 passive Warnungen, 99 Sicherheits-/Fehlerdialoge bewusst modal"
570,d10_keyboard_navigation,2,PASS,15/15 komplexe Dialogdateien mit expliziter Tab-Kette
571,d1_release_cleaner,8,PASS,
572,d2_prefilled_focus,2,PASS,Vorbefüllte Felder dürfen nicht komplett markiert werden
573,d3_form_accessibility,1,PASS,Betrag 57
574,d4_destructive_metadata,2,PASS,Icon-only-Löschaktion blieb Enter-Default
575,d5_language_consistency,5,PASS,Live-Sprachwechsel würde gemischte UI erzeugen
576,d6_theme_contrast,19,PASS,gruvbox_dunkel.json: 
577,d7_icon_targets,1,PASS,views/tabs/overview_savings_panel.py: 
578,d8_scaling,1,PASS,views/tabs/overview_savings_panel.py: setFixedSize auf Dialog
579,d9_modal_load,2,PASS,"0 modale Informationen, 0 passive Warnungen, 99 Sicherheits-/Fehlerdialoge bewusst modal"
580,d10_keyboard_navigation,2,PASS,15/15 komplexe Dialogdateien mit expliziter Tab-Kette
581,d1_release_cleaner,8,PASS,
582,d2_prefilled_focus,2,PASS,Vorbefüllte Felder dürfen nicht komplett markiert werden
583,d3_form_accessibility,1,PASS,Betrag 58
584,d4_destructive_metadata,2,PASS,Icon-only-Löschaktion blieb Enter-Default
585,d5_language_consistency,5,PASS,Live-Sprachwechsel würde gemischte UI erzeugen
586,d6_theme_contrast,19,PASS,gruvbox_hell.json: 
587,d7_icon_targets,1,PASS,views/tabs/overview_tab.py: 
588,d8_scaling,1,PASS,views/tabs/overview_tab.py: setFixedSize auf Dialog
589,d9_modal_load,2,PASS,"0 modale Informationen, 0 passive Warnungen, 99 Sicherheits-/Fehlerdialoge bewusst modal"
590,d10_keyboard_navigation,2,PASS,15/15 komplexe Dialogdateien mit expliziter Tab-Kette
591,d1_release_cleaner,8,PASS,
592,d2_prefilled_focus,2,PASS,Vorbefüllte Felder dürfen nicht komplett markiert werden
593,d3_form_accessibility,1,PASS,Betrag 59
594,d4_destructive_metadata,2,PASS,Icon-only-Löschaktion blieb Enter-Default
595,d5_language_consistency,5,PASS,Live-Sprachwechsel würde gemischte UI erzeugen
596,d6_theme_contrast,19,PASS,hell_gruen.json: 
597,d7_icon_targets,1,PASS,views/tabs/overview_widgets.py: 
598,d8_scaling,1,PASS,views/tabs/overview_widgets.py: setFixedSize auf Dialog
599,d9_modal_load,2,PASS,"0 modale Informationen, 0 passive Warnungen, 99 Sicherheits-/Fehlerdialoge bewusst modal"
600,d10_keyboard_navigation,2,PASS,15/15 komplexe Dialogdateien mit expliziter Tab-Kette
601,d1_release_cleaner,8,PASS,
602,d2_prefilled_focus,2,PASS,Vorbefüllte Felder dürfen nicht komplett markiert werden
603,d3_form_accessibility,1,PASS,Betrag 60
604,d4_destructive_metadata,2,PASS,Icon-only-Löschaktion blieb Enter-Default
605,d5_language_consistency,5,PASS,Live-Sprachwechsel würde gemischte UI erzeugen
606,d6_theme_contrast,19,PASS,hell_warm_sepia.json: 
607,d7_icon_targets,1,PASS,views/tabs/tracking_tab.py: 
608,d8_scaling,1,PASS,views/tabs/tracking_tab.py: setFixedSize auf Dialog
609,d9_modal_load,2,PASS,"0 modale Informationen, 0 passive Warnungen, 99 Sicherheits-/Fehlerdialoge bewusst modal"
610,d10_keyboard_navigation,2,PASS,15/15 komplexe Dialogdateien mit expliziter Tab-Kette
611,d1_release_cleaner,8,PASS,
612,d2_prefilled_focus,2,PASS,Vorbefüllte Felder dürfen nicht komplett markiert werden
613,d3_form_accessibility,1,PASS,Betrag 61
614,d4_destructive_metadata,2,PASS,Icon-only-Löschaktion blieb Enter-Default
615,d5_language_consistency,5,PASS,Live-Sprachwechsel würde gemischte UI erzeugen
616,d6_theme_contrast,19,PASS,kontrast_schwarzweiss.json: 
617,d7_icon_targets,1,PASS,views/tags_manager_dialog.py: 
618,d8_scaling,1,PASS,views/tags_manager_dialog.py: setFixedSize auf Dialog
619,d9_modal_load,2,PASS,"0 modale Informationen, 0 passive Warnungen, 99 Sicherheits-/Fehlerdialoge bewusst modal"
620,d10_keyboard_navigation,2,PASS,15/15 komplexe Dialogdateien mit expliziter Tab-Kette
621,d1_release_cleaner,8,PASS,
622,d2_prefilled_focus,2,PASS,Vorbefüllte Felder dürfen nicht komplett markiert werden
623,d3_form_accessibility,1,PASS,Betrag 62
624,d4_destructive_metadata,2,PASS,Icon-only-Löschaktion blieb Enter-Default
625,d5_language_consistency,5,PASS,Live-Sprachwechsel würde gemischte UI erzeugen
626,d6_theme_contrast,19,PASS,mitternacht_violett.json: 
627,d7_icon_targets,1,PASS,views/theme_editor_dialog.py: 
628,d8_scaling,1,PASS,views/theme_editor_dialog.py: setFixedSize auf Dialog
629,d9_modal_load,2,PASS,"0 modale Informationen, 0 passive Warnungen, 99 Sicherheits-/Fehlerdialoge bewusst modal"
630,d10_keyboard_navigation,2,PASS,15/15 komplexe Dialogdateien mit expliziter Tab-Kette
631,d1_release_cleaner,8,PASS,
632,d2_prefilled_focus,2,PASS,Vorbefüllte Felder dürfen nicht komplett markiert werden
633,d3_form_accessibility,1,PASS,Betrag 63
634,d4_destructive_metadata,2,PASS,Icon-only-Löschaktion blieb Enter-Default
635,d5_language_consistency,5,PASS,Live-Sprachwechsel würde gemischte UI erzeugen
636,d6_theme_contrast,19,PASS,modern_cyan_v2.json: 
637,d7_icon_targets,1,PASS,views/type_color_helper.py: 
638,d8_scaling,1,PASS,views/type_color_helper.py: setFixedSize auf Dialog
639,d9_modal_load,2,PASS,"0 modale Informationen, 0 passive Warnungen, 99 Sicherheits-/Fehlerdialoge bewusst modal"
640,d10_keyboard_navigation,2,PASS,15/15 komplexe Dialogdateien mit expliziter Tab-Kette
641,d1_release_cleaner,8,PASS,
642,d2_prefilled_focus,2,PASS,Vorbefüllte Felder dürfen nicht komplett markiert werden
643,d3_form_accessibility,1,PASS,Betrag 64
644,d4_destructive_metadata,2,PASS,Icon-only-Löschaktion blieb Enter-Default
645,d5_language_consistency,5,PASS,Live-Sprachwechsel würde gemischte UI erzeugen
646,d6_theme_contrast,19,PASS,monokai_dunkel.json: 
647,d7_icon_targets,1,PASS,views/ui_colors.py: 
648,d8_scaling,1,PASS,views/ui_colors.py: setFixedSize auf Dialog
649,d9_modal_load,2,PASS,"0 modale Informationen, 0 passive Warnungen, 99 Sicherheits-/Fehlerdialoge bewusst modal"
650,d10_keyboard_navigation,2,PASS,15/15 komplexe Dialogdateien mit expliziter Tab-Kette
651,d1_release_cleaner,8,PASS,
652,d2_prefilled_focus,2,PASS,Vorbefüllte Felder dürfen nicht komplett markiert werden
653,d3_form_accessibility,1,PASS,Betrag 65
654,d4_destructive_metadata,2,PASS,Icon-only-Löschaktion blieb Enter-Default
655,d5_language_consistency,5,PASS,Live-Sprachwechsel würde gemischte UI erzeugen
656,d6_theme_contrast,19,PASS,nord_dunkel.json: 
657,d7_icon_targets,1,PASS,views/ui_experience_menu.py: 
658,d8_scaling,1,PASS,views/ui_experience_menu.py: setFixedSize auf Dialog
659,d9_modal_load,2,PASS,"0 modale Informationen, 0 passive Warnungen, 99 Sicherheits-/Fehlerdialoge bewusst modal"
660,d10_keyboard_navigation,2,PASS,15/15 komplexe Dialogdateien mit expliziter Tab-Kette
661,d1_release_cleaner,8,PASS,
662,d2_prefilled_focus,2,PASS,Vorbefüllte Felder dürfen nicht komplett markiert werden
663,d3_form_accessibility,1,PASS,Betrag 66
664,d4_destructive_metadata,2,PASS,Icon-only-Löschaktion blieb Enter-Default
665,d5_language_consistency,5,PASS,Live-Sprachwechsel würde gemischte UI erzeugen
666,d6_theme_contrast,19,PASS,ocean_dunkel.json: 
667,d7_icon_targets,1,PASS,views/update_dialog.py: 
668,d8_scaling,1,PASS,views/update_dialog.py: setFixedSize auf Dialog
669,d9_modal_load,2,PASS,"0 modale Informationen, 0 passive Warnungen, 99 Sicherheits-/Fehlerdialoge bewusst modal"
670,d10_keyboard_navigation,2,PASS,15/15 komplexe Dialogdateien mit expliziter Tab-Kette
671,d1_release_cleaner,8,PASS,
672,d2_prefilled_focus,2,PASS,Vorbefüllte Felder dürfen nicht komplett markiert werden
673,d3_form_accessibility,1,PASS,Betrag 67
674,d4_destructive_metadata,2,PASS,Icon-only-Löschaktion blieb Enter-Default
675,d5_language_consistency,5,PASS,Live-Sprachwechsel würde gemischte UI erzeugen
676,d6_theme_contrast,19,PASS,pastell_sanft.json: 
677,d7_icon_targets,1,PASS,views/account_data_hub.py: 
678,d8_scaling,1,PASS,views/account_data_hub.py: setFixedSize auf Dialog
679,d9_modal_load,2,PASS,"0 modale Informationen, 0 passive Warnungen, 99 Sicherheits-/Fehlerdialoge bewusst modal"
680,d10_keyboard_navigation,2,PASS,15/15 komplexe Dialogdateien mit expliziter Tab-Kette
681,d1_release_cleaner,8,PASS,
682,d2_prefilled_focus,2,PASS,Vorbefüllte Felder dürfen nicht komplett markiert werden
683,d3_form_accessibility,1,PASS,Betrag 68
684,d4_destructive_metadata,2,PASS,Icon-only-Löschaktion blieb Enter-Default
685,d5_language_consistency,5,PASS,Live-Sprachwechsel würde gemischte UI erzeugen
686,d6_theme_contrast,19,PASS,solarized_dunkel.json: 
687,d7_icon_targets,1,PASS,views/account_management_dialog.py: 
688,d8_scaling,1,PASS,views/account_management_dialog.py: setFixedSize auf Dialog
689,d9_modal_load,2,PASS,"0 modale Informationen, 0 passive Warnungen, 99 Sicherheits-/Fehlerdialoge bewusst modal"
690,d10_keyboard_navigation,2,PASS,15/15 komplexe Dialogdateien mit expliziter Tab-Kette
691,d1_release_cleaner,8,PASS,
692,d2_prefilled_focus,2,PASS,Vorbefüllte Felder dürfen nicht komplett markiert werden
693,d3_form_accessibility,1,PASS,Betrag 69
694,d4_destructive_metadata,2,PASS,Icon-only-Löschaktion blieb Enter-Default
695,d5_language_consistency,5,PASS,Live-Sprachwechsel würde gemischte UI erzeugen
696,d6_theme_contrast,19,PASS,solarized_hell.json: 
697,d7_icon_targets,1,PASS,views/backup_restore_dialog.py: 
698,d8_scaling,1,PASS,views/backup_restore_dialog.py: setFixedSize auf Dialog
699,d9_modal_load,2,PASS,"0 modale Informationen, 0 passive Warnungen, 99 Sicherheits-/Fehlerdialoge bewusst modal"
700,d10_keyboard_navigation,2,PASS,15/15 komplexe Dialogdateien mit expliziter Tab-Kette
701,d1_release_cleaner,8,PASS,
702,d2_prefilled_focus,2,PASS,Vorbefüllte Felder dürfen nicht komplett markiert werden
703,d3_form_accessibility,1,PASS,Betrag 70
704,d4_destructive_metadata,2,PASS,Icon-only-Löschaktion blieb Enter-Default
705,d5_language_consistency,5,PASS,Live-Sprachwechsel würde gemischte UI erzeugen
706,d6_theme_contrast,19,PASS,standard_dunkel.json: 
707,d7_icon_targets,1,PASS,views/bank_import_analysis_worker.py: 
708,d8_scaling,1,PASS,views/bank_import_analysis_worker.py: setFixedSize auf Dialog
709,d9_modal_load,2,PASS,"0 modale Informationen, 0 passive Warnungen, 99 Sicherheits-/Fehlerdialoge bewusst modal"
710,d10_keyboard_navigation,2,PASS,15/15 komplexe Dialogdateien mit expliziter Tab-Kette
711,d1_release_cleaner,8,PASS,
712,d2_prefilled_focus,2,PASS,Vorbefüllte Felder dürfen nicht komplett markiert werden
713,d3_form_accessibility,1,PASS,Betrag 71
714,d4_destructive_metadata,2,PASS,Icon-only-Löschaktion blieb Enter-Default
715,d5_language_consistency,5,PASS,Live-Sprachwechsel würde gemischte UI erzeugen
716,d6_theme_contrast,19,PASS,standard_hell.json: 
717,d7_icon_targets,1,PASS,views/bank_import_dialog_runtime.py: 
718,d8_scaling,1,PASS,views/bank_import_dialog_runtime.py: setFixedSize auf Dialog
719,d9_modal_load,2,PASS,"0 modale Informationen, 0 passive Warnungen, 99 Sicherheits-/Fehlerdialoge bewusst modal"
720,d10_keyboard_navigation,2,PASS,15/15 komplexe Dialogdateien mit expliziter Tab-Kette
721,d1_release_cleaner,8,PASS,
722,d2_prefilled_focus,2,PASS,Vorbefüllte Felder dürfen nicht komplett markiert werden
723,d3_form_accessibility,1,PASS,Betrag 72
724,d4_destructive_metadata,2,PASS,Icon-only-Löschaktion blieb Enter-Default
725,d5_language_consistency,5,PASS,Live-Sprachwechsel würde gemischte UI erzeugen
726,d6_theme_contrast,19,PASS,v2_dunkel_graphite_cyan.json: 
727,d7_icon_targets,1,PASS,views/bank_import_dialog_v4.py: 
728,d8_scaling,1,PASS,views/bank_import_dialog_v4.py: setFixedSize auf Dialog
729,d9_modal_load,2,PASS,"0 modale Informationen, 0 passive Warnungen, 99 Sicherheits-/Fehlerdialoge bewusst modal"
730,d10_keyboard_navigation,2,PASS,15/15 komplexe Dialogdateien mit expliziter Tab-Kette
731,d1_release_cleaner,8,PASS,
732,d2_prefilled_focus,2,PASS,Vorbefüllte Felder dürfen nicht komplett markiert werden
733,d3_form_accessibility,1,PASS,Betrag 73
734,d4_destructive_metadata,2,PASS,Icon-only-Löschaktion blieb Enter-Default
735,d5_language_consistency,5,PASS,Live-Sprachwechsel würde gemischte UI erzeugen
736,d6_theme_contrast,19,PASS,v2_dunkel_purple_night.json: 
737,d7_icon_targets,1,PASS,views/bridge_share_dialog.py: 
738,d8_scaling,1,PASS,views/bridge_share_dialog.py: setFixedSize auf Dialog
739,d9_modal_load,2,PASS,"0 modale Informationen, 0 passive Warnungen, 99 Sicherheits-/Fehlerdialoge bewusst modal"
740,d10_keyboard_navigation,2,PASS,15/15 komplexe Dialogdateien mit expliziter Tab-Kette
741,d1_release_cleaner,8,PASS,
742,d2_prefilled_focus,2,PASS,Vorbefüllte Felder dürfen nicht komplett markiert werden
743,d3_form_accessibility,1,PASS,Betrag 74
744,d4_destructive_metadata,2,PASS,Icon-only-Löschaktion blieb Enter-Default
745,d5_language_consistency,5,PASS,Live-Sprachwechsel würde gemischte UI erzeugen
746,d6_theme_contrast,19,PASS,v2_hell_neon_cyan.json: 
747,d7_icon_targets,1,PASS,views/budget_adjustment_dialog.py: 
748,d8_scaling,1,PASS,views/budget_adjustment_dialog.py: setFixedSize auf Dialog
749,d9_modal_load,2,PASS,"0 modale Informationen, 0 passive Warnungen, 99 Sicherheits-/Fehlerdialoge bewusst modal"
750,d10_keyboard_navigation,2,PASS,15/15 komplexe Dialogdateien mit expliziter Tab-Kette
751,d1_release_cleaner,8,PASS,
752,d2_prefilled_focus,2,PASS,Vorbefüllte Felder dürfen nicht komplett markiert werden
753,d3_form_accessibility,1,PASS,Betrag 75
754,d4_destructive_metadata,2,PASS,Icon-only-Löschaktion blieb Enter-Default
755,d5_language_consistency,5,PASS,Live-Sprachwechsel würde gemischte UI erzeugen
756,d6_theme_contrast,19,PASS,v2_hell_pastel_mint.json: 
757,d7_icon_targets,1,PASS,views/budget_entry_dialog_extended.py: 
758,d8_scaling,1,PASS,views/budget_entry_dialog_extended.py: setFixedSize auf Dialog
759,d9_modal_load,2,PASS,"0 modale Informationen, 0 passive Warnungen, 99 Sicherheits-/Fehlerdialoge bewusst modal"
760,d10_keyboard_navigation,2,PASS,15/15 komplexe Dialogdateien mit expliziter Tab-Kette
761,d1_release_cleaner,8,PASS,
762,d2_prefilled_focus,2,PASS,Vorbefüllte Felder dürfen nicht komplett markiert werden
763,d3_form_accessibility,1,PASS,Betrag 76
764,d4_destructive_metadata,2,PASS,Icon-only-Löschaktion blieb Enter-Default
765,d5_language_consistency,5,PASS,Live-Sprachwechsel würde gemischte UI erzeugen
766,d6_theme_contrast,19,PASS,v2_hell_warm_sand.json: 
767,d7_icon_targets,1,PASS,views/budget_fill_dialog.py: 
768,d8_scaling,1,PASS,views/budget_fill_dialog.py: setFixedSize auf Dialog
769,d9_modal_load,2,PASS,"0 modale Informationen, 0 passive Warnungen, 99 Sicherheits-/Fehlerdialoge bewusst modal"
770,d10_keyboard_navigation,2,PASS,15/15 komplexe Dialogdateien mit expliziter Tab-Kette
771,d1_release_cleaner,8,PASS,
772,d2_prefilled_focus,2,PASS,Vorbefüllte Felder dürfen nicht komplett markiert werden
773,d3_form_accessibility,1,PASS,Betrag 77
774,d4_destructive_metadata,2,PASS,Icon-only-Löschaktion blieb Enter-Default
775,d5_language_consistency,5,PASS,Live-Sprachwechsel würde gemischte UI erzeugen
776,d6_theme_contrast,19,PASS,warm_hell.json: 
777,d7_icon_targets,1,PASS,views/category_delete_dialog.py: 
778,d8_scaling,1,PASS,views/category_delete_dialog.py: setFixedSize auf Dialog
779,d9_modal_load,2,PASS,"0 modale Informationen, 0 passive Warnungen, 99 Sicherheits-/Fehlerdialoge bewusst modal"
780,d10_keyboard_navigation,2,PASS,15/15 komplexe Dialogdateien mit expliziter Tab-Kette
781,d1_release_cleaner,8,PASS,
782,d2_prefilled_focus,2,PASS,Vorbefüllte Felder dürfen nicht komplett markiert werden
783,d3_form_accessibility,1,PASS,Betrag 78
784,d4_destructive_metadata,2,PASS,Icon-only-Löschaktion blieb Enter-Default
785,d5_language_consistency,5,PASS,Live-Sprachwechsel würde gemischte UI erzeugen
786,d6_theme_contrast,19,PASS,dracula_dunkel.json: 
787,d7_icon_targets,1,PASS,views/category_excel_io.py: 
788,d8_scaling,1,PASS,views/category_excel_io.py: setFixedSize auf Dialog
789,d9_modal_load,2,PASS,"0 modale Informationen, 0 passive Warnungen, 99 Sicherheits-/Fehlerdialoge bewusst modal"
790,d10_keyboard_navigation,2,PASS,15/15 komplexe Dialogdateien mit expliziter Tab-Kette
791,d1_release_cleaner,8,PASS,
792,d2_prefilled_focus,2,PASS,Vorbefüllte Felder dürfen nicht komplett markiert werden
793,d3_form_accessibility,1,PASS,Betrag 79
794,d4_destructive_metadata,2,PASS,Icon-only-Löschaktion blieb Enter-Default
795,d5_language_consistency,5,PASS,Live-Sprachwechsel würde gemischte UI erzeugen
796,d6_theme_contrast,19,PASS,dunkel_blau.json: 
797,d7_icon_targets,1,PASS,views/category_manager_dialog.py: 
798,d8_scaling,1,PASS,views/category_manager_dialog.py: setFixedSize auf Dialog
799,d9_modal_load,2,PASS,"0 modale Informationen, 0 passive Warnungen, 99 Sicherheits-/Fehlerdialoge bewusst modal"
800,d10_keyboard_navigation,2,PASS,15/15 komplexe Dialogdateien mit expliziter Tab-Kette
801,d1_release_cleaner,8,PASS,
802,d2_prefilled_focus,2,PASS,Vorbefüllte Felder dürfen nicht komplett markiert werden
803,d3_form_accessibility,1,PASS,Betrag 80
804,d4_destructive_metadata,2,PASS,Icon-only-Löschaktion blieb Enter-Default
805,d5_language_consistency,5,PASS,Live-Sprachwechsel würde gemischte UI erzeugen
806,d6_theme_contrast,19,PASS,dunkel_gruen.json: 
807,d7_icon_targets,1,PASS,views/category_picker.py: 
808,d8_scaling,1,PASS,views/category_picker.py: setFixedSize auf Dialog
809,d9_modal_load,2,PASS,"0 modale Informationen, 0 passive Warnungen, 99 Sicherheits-/Fehlerdialoge bewusst modal"
810,d10_keyboard_navigation,2,PASS,15/15 komplexe Dialogdateien mit expliziter Tab-Kette
811,d1_release_cleaner,8,PASS,
812,d2_prefilled_focus,2,PASS,Vorbefüllte Felder dürfen nicht komplett markiert werden
813,d3_form_accessibility,1,PASS,Betrag 81
814,d4_destructive_metadata,2,PASS,Icon-only-Löschaktion blieb Enter-Default
815,d5_language_consistency,5,PASS,Live-Sprachwechsel würde gemischte UI erzeugen
816,d6_theme_contrast,19,PASS,dunkel_oled_kontrastarm.json: 
817,d7_icon_targets,1,PASS,views/category_properties_dialog.py: 
818,d8_scaling,1,PASS,views/category_properties_dialog.py: setFixedSize auf Dialog
819,d9_modal_load,2,PASS,"0 modale Informationen, 0 passive Warnungen, 99 Sicherheits-/Fehlerdialoge bewusst modal"
820,d10_keyboard_navigation,2,PASS,15/15 komplexe Dialogdateien mit expliziter Tab-Kette
821,d1_release_cleaner,8,PASS,
822,d2_prefilled_focus,2,PASS,Vorbefüllte Felder dürfen nicht komplett markiert werden
823,d3_form_accessibility,1,PASS,Betrag 82
824,d4_destructive_metadata,2,PASS,Icon-only-Löschaktion blieb Enter-Default
825,d5_language_consistency,5,PASS,Live-Sprachwechsel würde gemischte UI erzeugen
826,d6_theme_contrast,19,PASS,dunkel_warm_sepia.json: 
827,d7_icon_targets,1,PASS,views/category_search_picker.py: 
828,d8_scaling,1,PASS,views/category_search_picker.py: setFixedSize auf Dialog
829,d9_modal_load,2,PASS,"0 modale Informationen, 0 passive Warnungen, 99 Sicherheits-/Fehlerdialoge bewusst modal"
830,d10_keyboard_navigation,2,PASS,15/15 komplexe Dialogdateien mit expliziter Tab-Kette
831,d1_release_cleaner,8,PASS,
832,d2_prefilled_focus,2,PASS,Vorbefüllte Felder dürfen nicht komplett markiert werden
833,d3_form_accessibility,1,PASS,Betrag 83
834,d4_destructive_metadata,2,PASS,Icon-only-Löschaktion blieb Enter-Default
835,d5_language_consistency,5,PASS,Live-Sprachwechsel würde gemischte UI erzeugen
836,d6_theme_contrast,19,PASS,gruvbox_dunkel.json: 
837,d7_icon_targets,1,PASS,views/cockpit_charts.py: 
838,d8_scaling,1,PASS,views/cockpit_charts.py: setFixedSize auf Dialog
839,d9_modal_load,2,PASS,"0 modale Informationen, 0 passive Warnungen, 99 Sicherheits-/Fehlerdialoge bewusst modal"
840,d10_keyboard_navigation,2,PASS,15/15 komplexe Dialogdateien mit expliziter Tab-Kette
841,d1_release_cleaner,8,PASS,
842,d2_prefilled_focus,2,PASS,Vorbefüllte Felder dürfen nicht komplett markiert werden
843,d3_form_accessibility,1,PASS,Betrag 84
844,d4_destructive_metadata,2,PASS,Icon-only-Löschaktion blieb Enter-Default
845,d5_language_consistency,5,PASS,Live-Sprachwechsel würde gemischte UI erzeugen
846,d6_theme_contrast,19,PASS,gruvbox_hell.json: 
847,d7_icon_targets,1,PASS,views/cockpit_sections.py: 
848,d8_scaling,1,PASS,views/cockpit_sections.py: setFixedSize auf Dialog
849,d9_modal_load,2,PASS,"0 modale Informationen, 0 passive Warnungen, 99 Sicherheits-/Fehlerdialoge bewusst modal"
850,d10_keyboard_navigation,2,PASS,15/15 komplexe Dialogdateien mit expliziter Tab-Kette
851,d1_release_cleaner,8,PASS,
852,d2_prefilled_focus,2,PASS,Vorbefüllte Felder dürfen nicht komplett markiert werden
853,d3_form_accessibility,1,PASS,Betrag 85
854,d4_destructive_metadata,2,PASS,Icon-only-Löschaktion blieb Enter-Default
855,d5_language_consistency,5,PASS,Live-Sprachwechsel würde gemischte UI erzeugen
856,d6_theme_contrast,19,PASS,hell_gruen.json: 
857,d7_icon_targets,1,PASS,views/copy_year_dialog.py: 
858,d8_scaling,1,PASS,views/copy_year_dialog.py: setFixedSize auf Dialog
859,d9_modal_load,2,PASS,"0 modale Informationen, 0 passive Warnungen, 99 Sicherheits-/Fehlerdialoge bewusst modal"
860,d10_keyboard_navigation,2,PASS,15/15 komplexe Dialogdateien mit expliziter Tab-Kette
861,d1_release_cleaner,8,PASS,
862,d2_prefilled_focus,2,PASS,Vorbefüllte Felder dürfen nicht komplett markiert werden
863,d3_form_accessibility,1,PASS,Betrag 86
864,d4_destructive_metadata,2,PASS,Icon-only-Löschaktion blieb Enter-Default
865,d5_language_consistency,5,PASS,Live-Sprachwechsel würde gemischte UI erzeugen
866,d6_theme_contrast,19,PASS,hell_warm_sepia.json: 
867,d7_icon_targets,1,PASS,views/database_management_dialog.py: 
868,d8_scaling,1,PASS,views/database_management_dialog.py: setFixedSize auf Dialog
869,d9_modal_load,2,PASS,"0 modale Informationen, 0 passive Warnungen, 99 Sicherheits-/Fehlerdialoge bewusst modal"
870,d10_keyboard_navigation,2,PASS,15/15 komplexe Dialogdateien mit expliziter Tab-Kette
871,d1_release_cleaner,8,PASS,
872,d2_prefilled_focus,2,PASS,Vorbefüllte Felder dürfen nicht komplett markiert werden
873,d3_form_accessibility,1,PASS,Betrag 87
874,d4_destructive_metadata,2,PASS,Icon-only-Löschaktion blieb Enter-Default
875,d5_language_consistency,5,PASS,Live-Sprachwechsel würde gemischte UI erzeugen
876,d6_theme_contrast,19,PASS,kontrast_schwarzweiss.json: 
877,d7_icon_targets,1,PASS,views/delegates/badge_delegate.py: 
878,d8_scaling,1,PASS,views/delegates/badge_delegate.py: setFixedSize auf Dialog
879,d9_modal_load,2,PASS,"0 modale Informationen, 0 passive Warnungen, 99 Sicherheits-/Fehlerdialoge bewusst modal"
880,d10_keyboard_navigation,2,PASS,15/15 komplexe Dialogdateien mit expliziter Tab-Kette
881,d1_release_cleaner,8,PASS,
882,d2_prefilled_focus,2,PASS,Vorbefüllte Felder dürfen nicht komplett markiert werden
883,d3_form_accessibility,1,PASS,Betrag 88
884,d4_destructive_metadata,2,PASS,Icon-only-Löschaktion blieb Enter-Default
885,d5_language_consistency,5,PASS,Live-Sprachwechsel würde gemischte UI erzeugen
886,d6_theme_contrast,19,PASS,mitternacht_violett.json: 
887,d7_icon_targets,1,PASS,views/export_dialog.py: 
888,d8_scaling,1,PASS,views/export_dialog.py: setFixedSize auf Dialog
889,d9_modal_load,2,PASS,"0 modale Informationen, 0 passive Warnungen, 99 Sicherheits-/Fehlerdialoge bewusst modal"
890,d10_keyboard_navigation,2,PASS,15/15 komplexe Dialogdateien mit expliziter Tab-Kette
891,d1_release_cleaner,8,PASS,
892,d2_prefilled_focus,2,PASS,Vorbefüllte Felder dürfen nicht komplett markiert werden
893,d3_form_accessibility,1,PASS,Betrag 89
894,d4_destructive_metadata,2,PASS,Icon-only-Löschaktion blieb Enter-Default
895,d5_language_consistency,5,PASS,Live-Sprachwechsel würde gemischte UI erzeugen
896,d6_theme_contrast,19,PASS,modern_cyan_v2.json: 
897,d7_icon_targets,1,PASS,views/favorites_dashboard_dialog.py: 
898,d8_scaling,1,PASS,views/favorites_dashboard_dialog.py: setFixedSize auf Dialog
899,d9_modal_load,2,PASS,"0 modale Informationen, 0 passive Warnungen, 99 Sicherheits-/Fehlerdialoge bewusst modal"
900,d10_keyboard_navigation,2,PASS,15/15 komplexe Dialogdateien mit expliziter Tab-Kette
901,d1_release_cleaner,8,PASS,
902,d2_prefilled_focus,2,PASS,Vorbefüllte Felder dürfen nicht komplett markiert werden
903,d3_form_accessibility,1,PASS,Betrag 90
904,d4_destructive_metadata,2,PASS,Icon-only-Löschaktion blieb Enter-Default
905,d5_language_consistency,5,PASS,Live-Sprachwechsel würde gemischte UI erzeugen
906,d6_theme_contrast,19,PASS,monokai_dunkel.json: 
907,d7_icon_targets,1,PASS,views/global_search_dialog.py: 
908,d8_scaling,1,PASS,views/global_search_dialog.py: setFixedSize auf Dialog
909,d9_modal_load,2,PASS,"0 modale Informationen, 0 passive Warnungen, 99 Sicherheits-/Fehlerdialoge bewusst modal"
910,d10_keyboard_navigation,2,PASS,15/15 komplexe Dialogdateien mit expliziter Tab-Kette
911,d1_release_cleaner,8,PASS,
912,d2_prefilled_focus,2,PASS,Vorbefüllte Felder dürfen nicht komplett markiert werden
913,d3_form_accessibility,1,PASS,Betrag 91
914,d4_destructive_metadata,2,PASS,Icon-only-Löschaktion blieb Enter-Default
915,d5_language_consistency,5,PASS,Live-Sprachwechsel würde gemischte UI erzeugen
916,d6_theme_contrast,19,PASS,nord_dunkel.json: 
917,d7_icon_targets,1,PASS,views/help_content.py: 
918,d8_scaling,1,PASS,views/help_content.py: setFixedSize auf Dialog
919,d9_modal_load,2,PASS,"0 modale Informationen, 0 passive Warnungen, 99 Sicherheits-/Fehlerdialoge bewusst modal"
920,d10_keyboard_navigation,2,PASS,15/15 komplexe Dialogdateien mit expliziter Tab-Kette
921,d1_release_cleaner,8,PASS,
922,d2_prefilled_focus,2,PASS,Vorbefüllte Felder dürfen nicht komplett markiert werden
923,d3_form_accessibility,1,PASS,Betrag 92
924,d4_destructive_metadata,2,PASS,Icon-only-Löschaktion blieb Enter-Default
925,d5_language_consistency,5,PASS,Live-Sprachwechsel würde gemischte UI erzeugen
926,d6_theme_contrast,19,PASS,ocean_dunkel.json: 
927,d7_icon_targets,1,PASS,views/help_content_additions.py: 
928,d8_scaling,1,PASS,views/help_content_additions.py: setFixedSize auf Dialog
929,d9_modal_load,2,PASS,"0 modale Informationen, 0 passive Warnungen, 99 Sicherheits-/Fehlerdialoge bewusst modal"
930,d10_keyboard_navigation,2,PASS,15/15 komplexe Dialogdateien mit expliziter Tab-Kette
931,d1_release_cleaner,8,PASS,
932,d2_prefilled_focus,2,PASS,Vorbefüllte Felder dürfen nicht komplett markiert werden
933,d3_form_accessibility,1,PASS,Betrag 93
934,d4_destructive_metadata,2,PASS,Icon-only-Löschaktion blieb Enter-Default
935,d5_language_consistency,5,PASS,Live-Sprachwechsel würde gemischte UI erzeugen
936,d6_theme_contrast,19,PASS,pastell_sanft.json: 
937,d7_icon_targets,1,PASS,views/help_dialog.py: 
938,d8_scaling,1,PASS,views/help_dialog.py: setFixedSize auf Dialog
939,d9_modal_load,2,PASS,"0 modale Informationen, 0 passive Warnungen, 99 Sicherheits-/Fehlerdialoge bewusst modal"
940,d10_keyboard_navigation,2,PASS,15/15 komplexe Dialogdateien mit expliziter Tab-Kette
941,d1_release_cleaner,8,PASS,
942,d2_prefilled_focus,2,PASS,Vorbefüllte Felder dürfen nicht komplett markiert werden
943,d3_form_accessibility,1,PASS,Betrag 94
944,d4_destructive_metadata,2,PASS,Icon-only-Löschaktion blieb Enter-Default
945,d5_language_consistency,5,PASS,Live-Sprachwechsel würde gemischte UI erzeugen
946,d6_theme_contrast,19,PASS,solarized_dunkel.json: 
947,d7_icon_targets,1,PASS,views/help_launcher.py: 
948,d8_scaling,1,PASS,views/help_launcher.py: setFixedSize auf Dialog
949,d9_modal_load,2,PASS,"0 modale Informationen, 0 passive Warnungen, 99 Sicherheits-/Fehlerdialoge bewusst modal"
950,d10_keyboard_navigation,2,PASS,15/15 komplexe Dialogdateien mit expliziter Tab-Kette
951,d1_release_cleaner,8,PASS,
952,d2_prefilled_focus,2,PASS,Vorbefüllte Felder dürfen nicht komplett markiert werden
953,d3_form_accessibility,1,PASS,Betrag 95
954,d4_destructive_metadata,2,PASS,Icon-only-Löschaktion blieb Enter-Default
955,d5_language_consistency,5,PASS,Live-Sprachwechsel würde gemischte UI erzeugen
956,d6_theme_contrast,19,PASS,solarized_hell.json: 
957,d7_icon_targets,1,PASS,views/help_menu.py: 
958,d8_scaling,1,PASS,views/help_menu.py: setFixedSize auf Dialog
959,d9_modal_load,2,PASS,"0 modale Informationen, 0 passive Warnungen, 99 Sicherheits-/Fehlerdialoge bewusst modal"
960,d10_keyboard_navigation,2,PASS,15/15 komplexe Dialogdateien mit expliziter Tab-Kette
961,d1_release_cleaner,8,PASS,
962,d2_prefilled_focus,2,PASS,Vorbefüllte Felder dürfen nicht komplett markiert werden
963,d3_form_accessibility,1,PASS,Betrag 96
964,d4_destructive_metadata,2,PASS,Icon-only-Löschaktion blieb Enter-Default
965,d5_language_consistency,5,PASS,Live-Sprachwechsel würde gemischte UI erzeugen
966,d6_theme_contrast,19,PASS,standard_dunkel.json: 
967,d7_icon_targets,1,PASS,views/import_progress_area.py: 
968,d8_scaling,1,PASS,views/import_progress_area.py: setFixedSize auf Dialog
969,d9_modal_load,2,PASS,"0 modale Informationen, 0 passive Warnungen, 99 Sicherheits-/Fehlerdialoge bewusst modal"
970,d10_keyboard_navigation,2,PASS,15/15 komplexe Dialogdateien mit expliziter Tab-Kette
971,d1_release_cleaner,8,PASS,
972,d2_prefilled_focus,2,PASS,Vorbefüllte Felder dürfen nicht komplett markiert werden
973,d3_form_accessibility,1,PASS,Betrag 97
974,d4_destructive_metadata,2,PASS,Icon-only-Löschaktion blieb Enter-Default
975,d5_language_consistency,5,PASS,Live-Sprachwechsel würde gemischte UI erzeugen
976,d6_theme_contrast,19,PASS,standard_hell.json: 
977,d7_icon_targets,1,PASS,views/language_select_dialog.py: 
978,d8_scaling,1,PASS,views/language_select_dialog.py: setFixedSize auf Dialog
979,d9_modal_load,2,PASS,"0 modale Informationen, 0 passive Warnungen, 99 Sicherheits-/Fehlerdialoge bewusst modal"
980,d10_keyboard_navigation,2,PASS,15/15 komplexe Dialogdateien mit expliziter Tab-Kette
981,d1_release_cleaner,8,PASS,
982,d2_prefilled_focus,2,PASS,Vorbefüllte Felder dürfen nicht komplett markiert werden
983,d3_form_accessibility,1,PASS,Betrag 98
984,d4_destructive_metadata,2,PASS,Icon-only-Löschaktion blieb Enter-Default
985,d5_language_consistency,5,PASS,Live-Sprachwechsel würde gemischte UI erzeugen
986,d6_theme_contrast,19,PASS,v2_dunkel_graphite_cyan.json: 
987,d7_icon_targets,1,PASS,views/lifeplanner_import_dialog.py: 
988,d8_scaling,1,PASS,views/lifeplanner_import_dialog.py: setFixedSize auf Dialog
989,d9_modal_load,2,PASS,"0 modale Informationen, 0 passive Warnungen, 99 Sicherheits-/Fehlerdialoge bewusst modal"
990,d10_keyboard_navigation,2,PASS,15/15 komplexe Dialogdateien mit expliziter Tab-Kette
991,d1_release_cleaner,8,PASS,
992,d2_prefilled_focus,2,PASS,Vorbefüllte Felder dürfen nicht komplett markiert werden
993,d3_form_accessibility,1,PASS,Betrag 99
994,d4_destructive_metadata,2,PASS,Icon-only-Löschaktion blieb Enter-Default
995,d5_language_consistency,5,PASS,Live-Sprachwechsel würde gemischte UI erzeugen
996,d6_theme_contrast,19,PASS,v2_dunkel_purple_night.json: 
997,d7_icon_targets,1,PASS,views/login_dialog.py: 
998,d8_scaling,1,PASS,views/login_dialog.py: setFixedSize auf Dialog
999,d9_modal_load,2,PASS,"0 modale Informationen, 0 passive Warnungen, 99 Sicherheits-/Fehlerdialoge bewusst modal"
1000,d10_keyboard_navigation,2,PASS,15/15 komplexe Dialogdateien mit expliziter Tab-Kette
